split,tag,main_model_gb,overall_mer,zh_cer,en_wer,mixed_mer,mean_case_median_seconds,median_case_decode_ms_per_token,peak_device_mib
pilot,bf16,4.069674944,0.09006928406466513,0.07194244604316546,0.14457831325301204,0.08056872037914692,0.5060564500066297,24.88107189542484,6025.96875
pilot,q8,2.165034944,0.09006928406466513,0.07194244604316546,0.14457831325301204,0.08056872037914692,0.28353274999729666,12.338152777777777,4489.4375
pilot,q6,1.673002944,0.09237875288683603,0.07194244604316546,0.1566265060240964,0.08056872037914692,0.25126249999933253,10.290193486590038,4288.52734375
pilot,q4,1.282435008,0.09468822170900693,0.07194244604316546,0.1686746987951807,0.08056872037914692,0.2310337166612347,8.463034482758621,4047.09765625
pilot,q8-no-graphs,2.165034944,0.09006928406466513,0.07194244604316546,0.14457831325301204,0.08056872037914692,0.3337491666704106,15.040117647058823,4602.41015625
pilot,q8-no-fa,2.165034944,0.09006928406466513,0.07194244604316546,0.14457831325301204,0.08056872037914692,0.3060276999894995,13.46882679738562,4781.91796875
holdout,bf16,4.069674944,0.09821428571428571,0.06289308176100629,0.11320754716981132,0.12021857923497267,0.49154853333796683,22.700298076923076,6082.4140625
holdout,q8,2.165034944,0.09821428571428571,0.06289308176100629,0.11320754716981132,0.12021857923497267,0.30009083333425224,12.815747863247864,4446.80078125
holdout,q4,1.282435008,0.09821428571428571,0.06289308176100629,0.11320754716981132,0.12021857923497267,0.2109105833224021,7.978351458885941,3692.92578125
